authors,year,title,journal,volume,issue,start_page,end_page,doi,type
"Alotaibi, M.",2018,Molecular and physiological indicators of drought stress in soft white spring wheat at the vegetative stage,Dissertation,,,,,,article
"Calkins, S. S., Elledge, N. C., Mueller, K. E., Marek, S. M., Couger, M. B., Elshahed, M. S., Youssef, N. H.",2018,Development of an RNA interference (RNAi) gene knockdown protocol in the anaerobic gut fungus Pecoramyces ruminantium strain C1A,PeerJ,,,6:e4276,,10.7717/peerj.4276,article
"Chen, X., Feng, Y., Zhong W., Sun, B., Tao, F.",2018,Numerical investigation of particle deposition in a triple bifurcation airway due to gravitational sedimentation and inertial impaction,Powder Technology,323,,284,293,10.1016/j.powtec.2017.09.050,article
"Feng, Y., Chen, X., Zhao, J.",2018,Create the Individualized Digital Twin for Noninvasive Precise Pulmonary Healthcare,Significances of Bioengineering and Biosciences,1,2,,,,article
"Ismail, A., Abdelnaby, A., Larson, T.",2018,High-resolution P- and S-wave Seismic Reflection Followed By Engineering Modeling For Geotechnical Site Characterization in Southern Illinois,Journal of Environmental and Engineering Geophysics,22,4,375,384,10.2113/JEEG22.4.375,article
"Kapoor U., Shah, J. K.",2018,"Globular, Sponge-like to Layer-like Morphological Transition in 1-n-Alkyl-3-methylimidazolium Octylsulfate Ionic Liquid Homologous Series",Journal of Physical Chemistry B,122,1,213,228,10.1021/acs.jpcb.7b08397,article
"Maulik, R., San, O.",2018,Explicit and Implicit LES Closures for Burgers Turbulence,Journal of Computational and Applied Mathematics,327,,12,40,10.1016/j.cam.2017.06.003,article
"Singh, K., Fennell, C. J., Coutsias, E., A., Latifi, R., Hartson, S., Weaver, J. D.",2018,Light Harvesting for Rapid and Selective Reactions: Click Chemistry with Strain-Loadable Alkenes,Chem,4,1,124,137,10.1016/j.chempr.2017.11.007,article
"Tang, Z., Fan, F., Wang, X., Shi, X., Deng, S., Wang, D.",2018,Mercury in rice (Oryza sativa L.) and rice-paddy soils under long-term fertilizer and organic amendment,Ecotoxicology and Environmental Safety,150,,116,122,10.1016/j.ecoenv.2017.12.021,article
"Akin, D., Belgin, M., Bouvet, T. A., Bright, N. C., Harrell, S., Haymore, B., Jennings, M., Knepper, R., LaPine, D., Liu, F. C., Maji, A., Neeman, H., Reynolds, R., Sherman, A. H., Showerman, M., Tillotson, J., Towns, J., Turner, G., Zimmerman, B.",2017,Linux Clusters Institute Workshops: Building the HPC and Research Computing Systems Professionals Workforce,Proceedings from the 2017 HPC Systems Professionals Workshop,,,,,10.1145/3155105.3155108,article
"Alderman, P. D., Stanfill, B.",2017,Quantifying model-structure-and parameter-driven uncertainties in spring wheat phenology prediction with Bayesian analysis,European Journal of Agronomy,88,,1,9,10.1016/j.eja.2016.09.016,article
"Almutairi, M.",2017,Genetic diversity among hard red winter wheat cultivars and experimental lines and their association with water limitation,Dissertation,,,,,,article
"Ayalew, S., Confer, A. W., Hansen, R. D., Couger, M. B.",2017,Genome Sequence of a Spontaneous Nonhemolytic Mutant of Mannheimia haemolytica 16041065 GH,Genome Announcements,5,14,e01720-16,,10.1128/genomeA.01720-16,article
"Ayalew, S., Confer, A. W., Hansen, R. D., Couger, M. B.",2017,Genome Sequence of Mannheimia haemolytica Serotype 1 Strain 16041065 BH,Genome Announcements,5,14,e01721-16,,10.1128/genomeA.01721-16,article
"Babu, K. S., Bajc, B., Saad, S.",2017,Yukawa sector of minimal SO (10) unification,Journal of High Energy Physics,2017,2,136,,10.1007/JHEP02(2017)136,article
"Babu, K. S., Khanov, A., Saad, S.",2017,Anarchy with hierarchy: A probabilistic appraisal,Physical Review D,95,5,55014,,10.1103/PhysRevD.95.055014,article
"Bertrand, D.",2017,Exploring Future Hydrologic Extremes of the Red River Basin,Dissertation,,,,,,article
"Brini, E., Fennel, C. J., Fernandez-Serra, M., Hribar-Lee, B., Luksic, M., Dill, K. A.",2017,How Water’s Properties Are Encoded in Its Molecular Structure and Energies,Chemical Reviews,117,19,12385,12414,10.1021/acs.chemrev.7b00259,article
"Cao X., Jiang, H.",2017,"An analysis of 67 RNA-seq datasets from various tissues at different stages of a model insect, Manduca sexta",BMC Genomics,18,1,796,,10.1186/s12864-017-4147-y,article
"Cao, X., Gulati, M., Jiang, H.",2017,"Serine protease-related proteins in the malaria mosquito, Anopheles gambiae",Insect Biochemistry and Molecular Biology,88,,48,62,10.1016/j.ibmb.2017.07.008,article
"Cao, X., Jiang, H.",2017,"An analysis of 67 RNA-seq datasets from various tissues at different stages of a model insect, Manduca sexta",BMC Genomics,18,1,796,,10.1186/s12864-017-4147-y,article
"Cho, J., Grogg, K., Min, C. H., Zhu, X., Paganetti, H., Lee, H. C., El Fakhri, G.",2017,Feasibility study of using fall‐off gradients of early and late PET scans for proton range verification,Medical Physics,44,5,1734,1746,10.1002/mp.12191,article
"Chuba, D., Goyder, D., Chase, M. W., Fishbein, M.",2017,Phylogenetics of the African Asclepias Complex (Apocynaceae) Based on Three Plastid DNA Regions,Systematic Botany,42,1,148,159,10.1600/036364417X694539,article
"Davis, T.",2017,"Parallelization of the Clark, Colbourn, and Johnson Maximum Clique Algorithm for Unit Disk Graphs",Dissertation,,,,,,article
"Deng, S., Dick, R., Kandeler, E., Weintraub, M. N.",2017,Comparison and standardization of soil enzyme assay for meaningful data interpretation,Journal of Microbiological Methods,133,,32,34,10.1016/j.mimet.2016.12.013,article
"Dhakal, K.",2017,Spatially Explicit Modeling of Switchgrass and Wheat in Oklahoma,Dissertation,,,,,,article
"Dhakal, K., Linde, E., Kakani, V. G., Alderman, P. D., Brunson, D., Ochsner, T. E., Carver, B.",2017,"Impact of Climate Change on Potential, Attainable, and Actual Wheat Yield in Oklahoma",Proceedings of the 2017 American Geophysical Union Fall Meeting,,,,,,article
"Doust, A. N., Maruo-Herrera, M., Hodge, J. G., Stromski, J.",2017,The C4 Model Grass Setaria Is a Short Day Plant with Secondary Long Day Genetic Regulation,Frontiers in Plant Science,8,,1062,,10.3389/fpls.2017.01062,article
"Farag, I. F.",2017,Exploring the ecological distribution patterns and metabolic diversities in Candidate Phyla “Aminicenantes”(OP8) and “Latescibacteria” (WS3),Dissertation,,,,,,article
"Farag, I. F., Youssef, N. H., Elshahed, M. S.",2017,Global Distribution Patterns and Pangenomic Diversity of the Candidate Phylum “Latescibacteria” (WS3),Applied and Environmental Microbiology,83,10,e00521-17,,10.1128/AEM.00521-17 ,article
"Feng, X., Castro, M. C., Linde, E., Papeş, M.",2017,Armadillo Mapper: A Case Study of an Online Application to Update Estimates of Species’ Potential Distributions,Tropical Conservation Science,10,,1940082917724133,,10.1177/1940082917724133,article
"Feng, X., Papes, M.",2017,Can Incomplete Knowledge of Species' Physiology Facilitate Ecological Niche Modelling? A Case Study with Virtual Species,Diversity and Distributions,23,10,1157,1168,10.1111/ddi.12606,article
"Feng, Y.",2017,A New Patient-Specific Pulmonary Drug Targeted Delivery Method to Treat Lung Cancer using E-Cigarette Technology,Proceedings of the Global Home of Chemical Engineers 2017 Annual Meeting,,,,,,article
"Feng, Y., Chen, X., Xu, Z., Haghnegahdar, A.",2017,Intersubject Variability in Pulmonary Drug Delivery Efficiency to Target Lung Tumors at Different Lobes: An In-Silico Study,Proceedings of the Biomedical Engineering Society 2017 Annual Meeting,,,,,,article
"Feng, Y., Haghnegahdar, A.",2017,A New Pulmonary Drug Targeted Delivery Method for Lung Diseases Treatment: An In-Silico Study,Proceedings of the Oklahoma Center for Respiratory and Infectious Diseases 4th Annual Retreat,,,,,,article
"Feng, Y., Haghnegahdar, A., Chen, X.",2017,A Computational Multiphase Flow Model to Predict the Transport and Deposition of Inhaled Flu Virus-Laden Droplets in Human Respiratory Tracts for Early Infection Diagnosis,Proceedings of the Global Home of Chemical Engineers 2017 Annual Meeting,,,,,,article
"Feng, Y., Wang, J., Chen, X.",2017,Noninvasive Diagnostics for the Early Detection of Lower Respiratory Diseases: an In-Silico Study,Proceedings of the Global Home of Chemical Engineers 2017 Annual Meeting,,,,,,article
"Feng, Y., Wang, J., Haghnegahdar, A.",2017,Numerical Investigation of Occupational-related Metal Aerosol Transmission and Deposition Patterns in a Virtual Human Respiratory System,Proceedings of the American Association for Aerosol Research 2017 Annual Conference,,,,,,article
"Feng, Y., Zhao, J., Chen, X., Lin, J.",2017,An In Silico Subject-Variability Study of Upper Airway Morphological Influence on the Airflow Regime in a Tracheobronchial Tree,Bioengineering,4,4,90,,10.3390/bioengineering4040090,article
"Francisco, C. A., Mermin, J., Schweig, J.",2017,Boij-Söderberg and Veronese decompositions,Journal of Commutative Algebra,9,3,367,386,10.1216/JCA-2017-9-3-367,article
"Frazier, A. E., Hemingway, B., Brasher, J.",2017,Land Surface Heterogeneity and Tornado Formation: A Comparison of Tornado Alley and Dixie Alley,Journal of Climatology and Weather Forecasting,5,2,203,,10.4172/2332-2594.1000203,article
"Ge, X., Deng, S., Zhu, L., Li, Y., Jia, Z., Tian, Y., Tang, L.",2017,Response of nitrogen mineralization dynamics and biochemical properties to litter amendments to soils of a poplar plantation,Journal of Forestry Research,,,1,10,10.1007/s11676-017-0523-3,article
"Gehan, M. A., Fahlgren, N., Abbasi, A., Berry, J. C., Callen, S. T., Chavez, L., Doust, A. N., Feldman, M. J., Gilbert, K. B., Hodge, J. G., Hoyer, J. S., Lin, A., Liu, S., Lizarraga, C., Lorence, A., Miller, M., Platon, E., Tessman, M., Sax, T.",2017,PlantCV v2: Image analysis software for high-throughput plant phenotyping,PeerJ,5,,e4088,,10.7717/peerj.4088,article
"Haghnegahdar, A., Feng, Y.",2017,Development of a multiscale CFPD-PBTK model for lung deposition and whole-body translocation of inhaled nicotine and acrolein in e-cigarette aerosols,Proceedings of 2017 American Society for Engineering Education Midwest Section Conference,,,,,,article
"Haghnegahdar, A., Feng, Y.",2017,The translocation of nicotine from human lung to systemic regions due to E0cigarette aerosol inhalation:  a numerical study,Proceedings of the 5th International Conference on Computational and Mathematical Biomedical Engineering (CMBE),,,,,,article
"Harris, A. J., Dee, J., Palmer, M. W.",2017,The effects of taxonomic rank on climatic calibrations: A test using extant floras of United States counties,Review of Palaeobotany and Palynology.,244,,316,324,10.1016/j.revpalbo.2017.02.002,article
"Harris, A.J., Chen, P.T., Xu, X.W., Zhang, J.Q., Yang, X., Wen, J.",2017,A Molecular Phylogeny of Staphyleaceae: Implications for Generic Delimitation and Classical Biogeographic Disjunctions in the Family,Journal of Systematics and Evolution,55,2,124,141,10.1111/jse.12236,article
"He, X., Cao, X., He, Y., Bhattarai, K., Rogers, J., Hartson, S., Jiang, H.",2017,Hemolymph proteins of Anopheles gambiae larvae infected by Escherichia coli,Developmental and Comparative Immunology,74,,110,124,10.1016/j.dci.2017.04.009,article
"Hendershot, M. E., Liang, Y.",2017,Estimating Judicial Accomplishment: Applying the Legislative Accomplishment Strategy to the Decisions of the Supreme Court,Justice System Journal,,,1,21,10.1080/0098261X.2017.1296386,article
"Ismail, A., Thomsason, J., Atekwana, E.",2017,Shear-wave seismic reflection for improved detection of ground subsidence and scouring features ,Proceedings of the International Conference on Engineering Geophysics,,,28,31,10.1190/iceg2017-002,article
"Judkins, M. E.",2017,Conservation Genomics of North American Bald (Haliaeetus leucocephalus) and Golden (Aquila chrysaetos) Eagles,Dissertation,,,,,,article
"Kibble, G.",2017,Experimental and computational investigation of the conformal vortex generator,Dissertation,,,,,,article
"Kibble, G., Jacob, J. D., Elbing, B. R., Alexander, A. S., Ireland, P., Black, J. A.",2017,Aerodynamic Investigation of the Conformal Vortex Generator,47th AIAA Fluid Dynamics Conference,,,,,10.2514/6.2017-3117,article
"Kozak, M., Feng, Y.",2017,Non-Newtonian fluid flow patterns in a customized parallel plate flow chamber: an in-silico study using a Computational Fluid Dynamics model,Proceedings of 2017 American Society for Engineering Education Midwest Section Conference,,,,,,article
"Liu, M., Lei, L., Miao, F., Powers, C., Zhang, X., Deng, J., Tadege, M., Carver, B. F., Yan, L.",2017,"The STENOFOLIA gene from Medicago alters leaf width, flowering time and chlorophyll content in transgenic wheat",Plant Biotechnology Journal,16,1,186,196,10.1111/pbi.12759,article
"Maulik, R., San, O.",2017,A dynamic framework for functional parameterisations of the eddy viscosity coefficient in two-dimensional turbulence,International Journal of Computational Fluid Dynamics,31,2,69,92,10.1080/10618562.2017.1287902,article
"Maulik, R., San, O.",2017,A dynamic subgrid-scale modeling framework for Boussinesq turbulence,International Journal of Heat and Mass Transfer,108,,1656,1675,10.1016/j.ijheatmasstransfer.2017.01.028,article
"Maulik, R., San, O.",2017,A novel dynamic framework for subgrid scale parametrization of mesoscale eddies in quasigeostrophic turbulent flows,Computers and Mathematics with Applications,74,3,420,445,10.1016/j.camwa.2017.04.016Get,article
"Maulik, R., San, O.",2017,A stable and scale-aware dynamic modeling framework for subgrid-scale parameterizations of two-dimensional turbulence,Computers and Fluids,158,,11,38,10.1016/j.compfluid.2016.11.015,article
"Maulik, R., San, O.",2017,Resolution and Energy Dissipation Charactersitics of Implicit LES and Explicit Filtering Models for Compressible Turbulence,Fluids 2017,2,2,14,,10.3390/fluids2020014,article
"McDonnell, A.",2017,"Phylogeny and Evolution of New World Milkweed Vines (Apocynaceae,Gonolobianae) and the Resurrection of Chthamalia",Dissertation,,,,,,article
"Melstrom, R.T.",2017,Where to Drill? The Petroleum Industry's Response to an Endangered Species Listing,Energy Economics,66,,320,327,10.1016/j.eneco.2017.06.028,article
"Miao, Z., Balasundaram, B.",2017,Approaches for finding cohesive subgroups in large-scale social networks via maximum k-plex detection,Networks,69,4,388,407,10.1002/net.21745,article
Moktan H.,2017,Structure and Dynamics Studies of Membrane and Non-membrane Proteins Using NMR and MD Simulations,Dissertation,,,,,,article
"Moktan H., Zhou, D. H.",2017,Wing 1 of protein HOP2 is as important as helix 3 in DNA binding by MD simulation,Journal of Biomolecular Structure and Dynamics,,,1,14,10.1080/07391102.2017.1333458,article
"Morrison, J.M., Baker, K.D., Zamor, R.M., Nikolai, S., Elshahed, M.S., Youssef, N.H.",2017,"Spatiotemporal Analysis of Microbial Community Dynamics During Seasonal Stratification Events in a Freshwater Lake (Grand Lake, OK, USA)",PLOS ONE,12,5,e0177488,,10.1371/journal.pone.0177488,article
"Morrison, J.M., Murphy, C.L., Baker, K., Zamor, R.M., Nikolai, S.J., Wilder, S., Elshahed, M.S., Youssef, N.H.",2017,Microbial Communities Mediating Algal Deteritus Turnover Under Anaerobic Conditions,PeerJ,5,,e2803,,10.7717/peerj.2803,article
"Ni, J., Dadras, S., Lam, W. K., Shrestha, R. K., Sadgrove, M., Wimberger, S., Summy, G. S.",2017,Hamiltonian Ratchets with Ultra-Cold Atoms,Annalen der Physik,529,8,,,10.1002/andp.201600335,article
"Pajouh, F. M., Moradi, E., Balasundaram, B.",2017,Detecting large risk-averse 2-clubs in graphs with random edge failures,Annals of Operations Research,249,1,55,73,10.1007/s10479-016-2279-0,article
"Pan, X., Richardson, M. D., Deng, S., Kremer, R. J., English, J. T., Mihail, J. D., Sams, C., Scharf, P. C., Veum, K. S., Xiong, X.",2017,Effect of Organic Amendment and Cultural Practice on Large Patch Occurrence and Soil Microbial Community,Crop Sciences,57,4,2263,2272,10.2135/cropsci2016.09.0809,article
"Passow, C. N., Brown, A. P., Arias‐Rodriquez, L., Yee, M. C., Sockell, A., Schartl, M., Warren, W. C., Bustamante, C., Kelley, J. L., Tobler, M.",2017,"Complexities of gene expression patterns in natural populations of an extremophile fish (Poecilia mexicana, Poeciliidae)",Molecular Ecology,26,16,4211,4225,10.1111/mec.14198,article
"Passow, C. N., Henpita C., Shaw, J. H., Quackenbush, C. R., Warren, W. C., Schartl, M., Arias-Rodriguez, L., Kelley, J. L., Tobler, M.",2017,The roles of plasticity and evolutionary change in shaping gene expression variation in natural populations of extremophile fish,Molecular Ecology,26,22,6385,6399,10.1111/mec.14360,article
"Pleinert, M. O., von Zanthier, J., Agarwal, G. S.",2017,Hyperradiance from collective behavior of coherently driven atoms,Optica,4,7,779,785,10.1364/OPTICA.4.000779,article
"Qiao, L., Zou, C. B., Gaitán, C. F., Hong, Y., McPherson, R. A.",2017,Analysis of Precipitation Projections over the Climate Gradient of the Arkansas Red River Basin,Journal of Applied Meteorology and Climatology,56,5,1325,1336,10.1175/JAMC-D-16-0201.1,article
"Qiao, L., Zou, C. B., Stebler, E., Will, R. E.",2017,"Woody plant encroachment reduces annual runoff and shifts runoff mechanisms in the tallgrass prairie, USA",Water Resources Research,53,6,4838,4349,10.1002/2016WR019951,article
"Ratcliffe, B., El-Dien, O. G., Cappa, E. P., Porth, I., Klapste, J., Chen, C., El-Kassaby, Y. A.",2017,Single-Step BLUP with Varying Genotyping Effort in Open-Pollinated Picea glauca,"G3: Genes, Genomes, Genetics",7,3,935,942,10.1534/g3.116.037895,article
"Saha, S., Hosmani, P. S., Villalobos-Ayala, K., Miller, S., Shippy, T., Flores, M., Rosendale, A., Cordola, C., Bell, T., Mann, H., DeAvila, G., DeAvila, D., Moore, Z., Buller, K., Ciolkevich, K., Nandyal, S., Mahoney, R., Van Voorhis, J., Dunlevy, M., Farrow, D., Hunter, D., Morgan, T., Shore, K., Guzman, B., Izsak, A., Dixon, D. E., Cridge, A., Cano, L., Cao, X., Jiang, H., Leng, N., Johnson, S., Cantarel, B. L., Richards, S., English, A., Shatters, R. G., Childers, C., Chen, M. J., Hunter, W., Cilia, M., Mueller, L. A., Munoz-Torres, M., Nelson, D., Poelchau, M. F., Benoit, J. B., Wiersma-Koch, H., D’Elia, T., Brown, S. J.",2017,Improved annotation of the insect vector of citrus greening disease: biocuration by a diverse genomics community,Database: The Journal of Biological Databases and Curation,,,,,10.1093/database/bax032,article
"Shah, J. K., Marin‐Rimoldi, E., Mullen, R. G., Keene, B. P., Khan, S., Paluch, A. S., Rai, N., Romanielo, L. L., Rosch, T. W., Yoo, B., Maginn, E. J.",2017,Cassandra: An open source Monte Carlo package for molecular simulation,Journal of Computational Chemistry.,38,19,1727,1739,10.1002/jcc.24807,article
"Shukla, K., Jaiswal, P.",2017,Wavefield-based regularization of multicomponent seismic data,Proceedings of the 2017 Society of Exploration Geophysicists International Exposition and Annual Meeting,,,,,,article
"Smith, P.M., Borunda, M.F.",2017,Torsional Potential Energy Surfaces of Dinitrobenzene Isomers,Advances in Condensed Matter Physics,2017,,,,10.1155/2017/3296845,article
"Song, J., Carver, B. F., Powers, C., Yan, L., Klapste, J., El-Kassaby, Y. A., Chen, C.",2017,Practical application of genomic selection in a doubled-haploid winter wheat breeding program,Molecular Breeding,37,117,,,10.1007/s11032-017-0715-8,article
"Thistlethwaite, F. R., Ratcliffe, B., Klapste, J., Porth, I., Chen, C., Stoehr, M. U., El-Kassaby, Y. A.",2017,Genomic prediction accuracies in space and time for height and wood density of Douglas-fir using exome capture as the genotyping platform,BMC Genomics,18,1,930,,10.1186/s12864-017-4258-5,article
"Wang, B., Yi, H., Xu, K., Wang, Q.",2017,Prediction of the self-accelerating decomposition temperature of organic peroxides using QSPR models,Journal of Thermal Analysis and Calorimetry,128,1,399,406,10.1007/s10973-016-5922-8,article
"Williamson, C. H.",2017,Computational Studies of 2D Diffusion and Water Nucleation,Dissertation,,,,,,article
"Williamson, C. H., Hall, J. R., Fennell, C. J.",2017,Two-dimensional molecular simulations using rose potentials,Journal of Molecular Liquids,228,,11,18,10.1016/j.molliq.2016.10.016,article
"Andreason, S., Schneider, W., Wayadande, A.",2016,Detection of plant pathogens within insect vector transcriptome sequencing datasets,Proceedings of the 2016 annual meeting of the Entomological Society of America Southwestern Branch,,,,,,article
"Babu, K. S., Bajc, B., Saad, S.",2016,New class of SO (10) models for flavor,Physical Review D,94,1,15030,,10.1103/PhysRevD.94.015030,article
"Blagden, T., Schneider, W., Melcher, U., Daniels, J., Fletcher, J.",2016,Adaptation and Validation of E-Probe Diagnostic Nucleic Acid Analysis for Detection of Escherichia coli O157: H7 in Metagenomic Data from Complex Food Matrices,Journal of Food Protection,79,4,574,581,10.4315/0362-028X.JFP-15-440,article
"Brini, E., Paranahewage, S. S., Fennell, C. J., Dill, K. A.",2016,Adapting the semi-explicit assembly solvation model for estimating water-cyclohexane partitioning with the SAMPL5 molecules,Journal of Computer-Aided Molecular Design,30,11,1067,1077,10.1007/s10822-016-9961-9.,article
"Buchanan, J. W., Reecy, J. M., Garrick, D. J., Duan, Q., Beitz, D. C., Koltes, J. E., Saatchi, M., Koesterk, L., Mateescu, R. G.",2016,Deriving Gene Networks from SNP Associated with Triacylglycerol and Phospholipid Fatty Acid Fractions from Ribeyes of Angus Cattle,Frontiers in Genetics,7,,116,,10.3389/fgene.2016.00116,article
"Cho, J., Campbell, P., Wang, M., Alqathami, M., Mawlawi, O., Kerr, M., Cho, S. H.",2016,Feasibility of hydrogel fiducial markers for in vivo proton range verification using PET,Physics in Medicine and Biology,61,5,2162,,10.1088/0031-9155/61/5/2162,article
"Cho, J., Gonzalez-Lepera, C., Manohar, N., Kerr, M., Krishnan, S., Cho, S. H.",2016,Quantitative investigation of physical factors contributing to gold nanoparticle-mediated proton dose enhancement,Physics in Medicine and Biology,61,6,2562,,10.1088/0031-9155/61/6/2562.,article
"Cho, J., Ibbott, G. S., Kerr, M. D., Amos, R. A., Stingo, F. C., Marom, E. M., Truong, M. T., Palacio, D. M., Betancourt, S. L., Erasmus, J. J., DeGroot, P. M., Carter, B. W., Gladish, G. W., Sabloff, B. S. Benveniste, M. F., Godoy, M. C., Patil, S., Sorensen, J., Mawlawi, O. R.",2016,Characterizing proton-activated materials to develop PET-mediated proton range verification markers,Physics in Medicine and Biology,61,11,N291,N310,10.1088/0031-9155/61/11/n291,article
"Cho, J., Wang, M., Gonzalez‐Lepera, C., Mawlawi, O., Cho, S. H.",2016,Development of bimetallic (Zn@ Au) nanoparticles as potential PET‐imageable radiosensitizers,Medical Physics,43,8,4775,4788,10.1118/1.4958961,article
"Couger, M. B., Wright, A., Lutter, E. I., Youssef, N.",2016,Draft genome sequences of five Pseudomonas aeruginosa clinical strains isolated from sputum samples from cystic fibrosis patients,Genome Announcements,4,1,e01528-15,,10.1128/genomeA.01528-15,article
"Das, S., Mykles, D. L.",2016,"A comparison of resources for the annotation of a de novo assembled transcriptome in the molting gland (Y-organ) of the blackback land crab, Gecarcinus lateralis",Integrative and Comparative Biology,56,6,1103,1112,10.1093/icb/icw107,article
"Das, S., Pitts, N. L., Mudron, M. R., Durica, D. S., Mykles, D. L.",2016,"Transcriptome analysis of the molting gland (Y-organ) from the blackback land crab, Gecarcinus lateralis",Comparative Biochemistry and Physiology Part D: Genomics and Proteomics,17,,26,40,10.1016/j.cbd.2015.11.003,article
"Ding, T., Melcher, U.",2016,"Influences of plant species, season and location on leaf endophytic bacterial communities of non-cultivated plants",PLoS ONE,11,3,e0150895,,10.1371/journal.pone.0150895,article
"Doust, A. N.",2016,"The Effect of Photoperiod on Flowering Time, Plant Architecture, and Biomass in Setaria","In Doust, A., Diao X. (eds) Genetics and Genomics of Setaria. Plant Genetics and Genomics: Corp and Models",19,,,,10.1007/978-3-319-45105-3_12,article
"Foster, C. A.",2016,A Computational Approach for Accessing Phosphorylated Response Regulator Conformations and Signaling Complexes Involving the Fungal Phosphorelay Protein YPD1,Dissertation,,,,,,article
"Foster, C. A., West, A. H.",2016,Use of restrained molecular dynamics to predict the conformations of phosphorylated receiver domains in two-component signaling systems,"Proteins: structure, function, and bioinformatics",85,1,155,176,10.1002/prot.25207,article
"Frahm, K. A., Peffer, M. E., Zhang, J. Y., Luthra, S., Chakka, A. B., Couger, M. B., Chandran, U. R., Monaghan, A. P., DeFranco, D. B.",2016,Research resource: the dexamethasone transcriptome in hypothalamic embryonic neural stem cells,Molecular Endocrinology,30,1,144,154,10.1210/me.2015-1258,article
"Francisco, C. A., Mermin, J., Schweig, J.",2016,LCM lattices supporting pure resolutions,Proceedings of the American Mathematical Society,144,,2315,2325,10.1090/proc/12890,article
"Habiger, J., Watts, D., Anderson, M.",2016,Multiple testing with heterogeneous multinomial distributions,Biometrics,73,2,562,570,10.1111/biom.12586,article
"Harris, A. J., Fu, C., Xiang, Q. Y. J., Holland, L., Wen, J.",2016,"Testing the monophyly of Aesculus L. and Billia Peyr., woody genera of tribe Hippocastaneae of the Sapindaceae",Molecular Phylogenetics and Evolution,102,,145,151,10.1016/j.ympev.2016.06.001,article
"Kanost, M. R., Arrese, E. L., Cao, X., Chen, Y. R., Chellapilla, S., Goldsmith, M. R., Grosse-Wilde, E., Heckel, D. G., Herndon, N., Jiang, H., Papanicolaou, A., Qu, J., Soulages, J. L., Vogel, H., Walters, J. Waterhouse, R. M., Ahn, S. J., Almeida, F. C., An, C., Aqrawi, P., Bretschneider, A., Bryant, W. B., Bucks, S., Chao, H., Chevignon, G., Christen, J. M., Clarke, D. F., Dittmer, N. T., Ferguson, L. C. F., Garavelou, S., Gordon, K. H. J., Gunaratna, R. T. Han, Y. Hauser, F., He, Y., Heidel-Fischer, H., Hirsh, A., Hu, Y., Jiang, H., Kalra, D., Klinner, C., Konig C., Kovar, C., Kroll, A. R., Kuwar, S. S., Lee, S. L., Lehman, R., Li, K., Li, Z., Liang, H., Lovelace, S., Lu, Z., Mansfield, J. H., McCulloch, K. J., Mathew, T., Morton, B., Muzny, D. M., Neunemann, D., Ongeri, F., Pauchet, Y., Pu, L. L., Pyrousis, L., Rao, X. J., Redding, A., Roesel, C., Sanchez-Gracia, A., Schaack, S., Shukla, A., Tetreau, G., Wang, Y., Xiong, G. H., Traut, W., Walsh, T. K., Worley, K. C., Wu, D., Wu, W., Wu, Y. Q., Zhang, X., Zucker, H., Briscoe, A. D., Burmester, T., Clem, R. J., Feyereisen, R., Grimmelikhuijzen C. J. P., Hamodrakas, S. J., Hansson, B. S., Huguet, E., Jermiin, L. S., Lan, Q., Lehman, H. K., Lorenzen, M., Merzendorfer, H., Michalopoulos, L., Morton, D. B., Muthukrishnan, S., Oakeshott, J. G., Plmer, W., Park, Y., Passarelli, A. L., Rozas, J., Schwarts, L. M., Smith, w., Southgate, A., Vilcinskas, A., Vogt, R., Wang, P., Werren, J., Yu, X. Q., Zhou, J. J., Brown, S. J., Scherer, S. E., Richars, S., Blissard, G. W.",2016,"Multifaceted biological insights from a draft genome sequence of the tobacco hornworm moth, Manduca sexta",Insect Biochemistry and Molecular Biology,76,,118,147,10.1016/j.ibmb.2016.07.005,article
"Kapoor, U., Shah, J. K.",2016,Preferential Ionic Interactions and Microscopic Structural Changes Drive Nonideality in Binary Ionic Liquid Mixtures as Revealed from Molecular Simulations,Industrial Engineering Chemistry Research,55,51,13132,13146,10.1021/acs.iecr.6b03314,article
"Katsalirou, E., Deng, S., Gerakis, A., Nofziger, D. L.",2016,"Long-term management effects on soil P, microbial biomass P, and phosphatase activities in prairie soils",European Journal of Soil Biology,76,,61,69,10.1016/j.ejsobi.2016.07.001,article
"Konemann, C. E., Kard, B. M., Payton, M. E., Deng, S. P., Warren, J. G., Wilson, T. M.",2016,CO2 Emissions from Soil on Oklahoma’s Tallgrass Prairie Preserve in the Presence or Absence of Termites (Isoptera: Rhinotermitidae),The American Midland Naturalist,176,1,60,71,10.1674/0003-0031-176.1.60,article
"Li, X. F.",2016,MICROBIAL COMMUNITIES IN SOIL ECOSYSTEMS UNDER DIFFERENT LAND USES ,Dissertation,,,,,,article
"Liang, Y.",2016,Bayesian nonparametric inference for panel count data with dependent observation times,Proceedings of the 2016 ICSA Applied Statistics Symposium,,,,,,article
"Ma, J., Pajouh, F. M., Balasundaram, B., Boginski, V.",2016,The minimum spanning k-core problem with bounded CVaR under probabilistic edge failures,INFORMS Journal on Computing,28,2,295,307,10.1287/ijoc.2015.0679,article
"Maulik, R., San, O.",2016,Dynamic modeling of the horizontal eddy viscosity coefficient for quasigeostrophic ocean circulation problems,Journal of Ocean Engineering and Science,1,4,300,324,10.1016/j.joes.2016.08.002,article
"Miao, Z.",2016,Combinatorial and global optimization approaches to the maximum quasi-clique,Dissertation,,,,,,article
"Mohanty, R. P.",2016,"POLLEN BIOLOGY AND LANDSCAPE ECOLOGY OF JUNIPERUS: AN INTEGRATIVE STUDY USING QUANTITAVE MOLECULAR APPROACHES, ULTRASTRUCTURE AND HABITAT MODELING",Dissertation,,,,,,article
"Moradi, E.",2016,Decomposition algorithms for detecting low-diameter clusters in graphs,Dissertation,,,,,,article
"Mortazavian, H.",2016,"Polymer Adsorption on Silica and Wettability of Graphene Oxide Surfaces, Experiments and Simulations",Dissertation,,,,,,article
"Mortazavian, H., Fennell, C. J., Blum, F. D.",2016,Structure of the Interfacial Region in Adsorbed Poly(vinyl acetate) on Silica,Macromolecules,49,1,298,307,10.1021/acs.macromol.5b02214,article
"Mortazavian, H., Fennell, C. J., Blum, F. D.",2016,Surface Bonding is Stronger for Poly(methyl methacrylate) than for Poly(vinyl acetate),Macromolecules,49,11,4211,4219,10.1021/acs.macromol.6b00521,article
"Mykles, D. L., Burnett, K. G., Durica, D. S., Joyce, B. L., McCarthy, F. M., Schmidt, C. J., Stillman, J. H.",2016,Resources and recommendations for using transcriptomics to address grand challenges in comparative biology,Integrative and Comparative Biology,56,6,1183,1191,10.1093/icb/icw083,article
"Neeman, H., Bergstrom, A., Brunson, D., Ganote, C., Gray, Z., Guilfoos, B., Kalescky, R., Lemley, E., Moore, B. G., Ramadugu, S. K., Romanella, A., Rush, J., Sherman, A. H., Stengel, B., Voss, D.",2016,The Advanced Cyberinfrastructure Research and Education Facilitators Virtual Residency: Toward a National Cyberinfrastructure Workforce,"Proceedings of XSEDE ‘16, article 57",,,,,10.1145/2949550.2949584,article
"Pajouh, F. M., Balasundaram, B., Hicks, I. V.",2016,On the 2-club polytope of graphs,Operations Research,64,6,1466,1481,10.1287/opre.2016.1500,article
"Paranahewage, S. S., Gierhart, C. S., Fennell, C. J.",2016,Predicting water-to-cyclohexane partitioning of the SAMPL5 molecules using dielectric balancing of force fields,Journal of Computer-Aided Molecular Design,30,11,1059,1065,10.1007/s10822-016-9950-z.,article
"Schneider, W. D. H., Gonçalves, T. A., Uchima, C. A., Couger, M. B., Prade, R., Squina, F. M., Dillon, A. J. P., Camassola, M.",2016,Penicillium echinulatum secretome analysis reveals the fungi potential for degradation of lignocellulosic biomass,Biotechnology for Biofuels,9,1,66,,10.1186/s13068-016-0476-3,article
"Selvaraju, S., Adhikari, S., Hopson, R. A., Dai, S., Rheingold, A. L., Borunda, M. F., Nelson, T. L.",2016,Effects of structural variations on the optical and electronic properties of eumelanin-inspired small molecules,Journal of Materials Chemistry C,4,18,3995,3999,10.1039/C5TC03982G,article
"Singh, A., Fennell, C. J., Weaver, J. D.",2016,Photocatalyst size controls electron and energy transfer: selectable E/Z isomer synthesis via C–F alkenylation,Chemical Science,7,11,6796,6802,10.1039/C6SC02422J,article
"Van Den Bussche, R. A., Judkins, M. E., Montague, M. J., Warren, W. C.",2016,A Resource of Genome-Wide Single Nucleotide Polymorphisms (Snps) for the Conservation and Management of Golden Eagles,Journal of Raptor Research,51,1,368,377,10.3356/JRR-16-47.1,article
"Zhao, S., Chen, X., Deng, S., Dong, X., Song, A., Yao, J., Fang, W., Chen, F.",2016,"The Effects of Fungicide, Soil Fumigant, Bio-Organic Fertilizer and Their Combined Application on Chrysanthemum Fusarium Wilt Controlling, Soil Enzyme Activities and Microbial Properties",Molecules,21,4,526,,10.3390/molecules21040526,article
"Al-Rubaye, A. A., Couger, M. B., Ojha, S., Pummill, J. F., Koon II, J. A., Wideman Jr, R. F., Rhoads, D. D.",2015,"Genome analysis of Staphylococcus agnetis, an agent of lameness in broiler chickens",PLoS ONE,10,11,e0143336,,10.1371/journal.pone.0143336,article
"Balasundaram, B.",2015,Cliques Clubs,Proceedings of a seminar series for the Department of Industrial and Systems Engineering at Texas A&M University,,,,,,article
"Balasundaram, B.",2015,On the 2-club polytope of graphs,Proceedings of the 22nd International Symposium on Mathematical Programming,,,,,,article
"Brunson, D., Akin, D., Alderman, P., Creager, G., Deaton, J., Dumancas, G., Evert, J., Fennell, C., Fondjo, F., Gentis, D., Havle, J., Hoyt, P., Lemley, E., Linde, E., Louthan, G., Mehta, P., Morris, M., Schafer, J., Severini, H., Snow, J., Xiong, N., Neeman, H.",2015,The OneOklahoma Cyberinfrastructure Initiative: A Model for Multi-Institutional Collaboration Conference,"National Science Foundation Workshop on The Role of Regional Organizations in Imporving Access to National Cyberinfrastructure, white paper",,,,,,article
"Buchanan, J.W., Koltes, J.E., Reecy, J.M., Mateescu, R.G.",2015,Deriving gene networks involving tenderness and sensory attributes in steaks from Angus beef cattle,Proceedings of the 23rd International Plant and Animal Genome Conference,,,,,,article
"Cao, X., He, Y., Hu, Y., Wang, Y., Chen, Y. R., Bryant, B., Clem, R. J., Schwartz, L. M., Blissard, G., Jiang, H.",2015,The immune signaling pathways of Manduca sexta,Insect Biochemistry and Molecular Biology,62,,64,74,10.1016/j.ibmb.2015.03.006,article
"Cao, X., He, Y., Hu, Y., Zhang, X., Wang, Y., Zou, Z., Chen, Y., Blissard, G. W., Kanost, M. R., Jiang, H.",2015,"Sequence conservation, phylogenetic relationships, and expression profiles of nondigestive serine proteases and serine protease homologs in Manduca sexta",Insect Biochemistry and Molecular Biology,62,,51,63,10.1016/j.ibmb.2014.10.006,article
"Cao, X., Jiang, H.",2015,Integrated modeling of protein-coding genes in the Manduca sexta genome using RNA-Seq data from the biochemical model insect,Insect Biochemistry and Molecular Biology,62,,2,10,10.1016/j.ibmb.2015.01.007,article
"Couger, M. B., Hanafy, R. A., Edens, C., Budd, C., French, D. P., Hoff, W. D., Elshahed, M. S., Youssef, N. H.",2015,Draft Genome of the Arthrobacter sp. Strain Edens01 ,Genome Announcements,3,6,e01475-15,,10.1128/genomeA.01475-15 ,article
"Couger, M. B., Hanafy, R. A., Mitacek, R. M., Budd, C., French, D. P., Hoff, W. D., Elshahed, M. S., Youssef, N. H.",2015,The Draft Genome Sequence of Xanthomonas sp. Strain Mitacek01 Expands the Pangenome of a Genus of Plant Pathogens,Genome Announcements,3,6,e01450-15,,10.1128/genomeA.01450-15,article
"Couger, M. B., Hurlbut, A., Murphy, C. L., Budd, C., French, D. P., Hoff, W. D., Elshahed, M. S., Youssef, N. H.",2015,Draft Genome Sequence of the Environmental Isolate Chryseobacterium sp. Hurlbut01,Genome Announcements,3,5,e01071-15,,10.1128/genomeA.01071-15,article
"Couger, M. B., Youssef, N. H., Struchtemeyer, C. G., Liggenstoffer, A. S., Elshahed, M. S.",2015,Transcriptomic analysis of lignocellulosic biomass degradation by the anaerobic fungal isolate Orpinomyces sp. strain C1A,Biotechnology for Biofuels,8,1,208,,10.1186/s13068-015-0390-0,article
"Dutta, M., Ali, A., Melcher, U.",2015,"Detection, discrimination and discovery of a new Tobacco streak virus strain",Journal of Virological Methods,221,,15,21,10.1016/j.jviromet.2015.03.025,article
"Espindola, A., Schneider, W., Hoyt, P. R., Marek, S. M., Garzon, C.",2015,A new approach for detecting fungal and oomycete plant pathogens in next generation sequencing metagenome data utilising electronic probes,International Journal of Data Mining and Bioinformatics,12,2,115,128,10.1504/IJDMB.2015.069422,article
"Gao, Y. D., Harris, A. J., He, X. J.",2015,Morphological and ecological divergence of Lilium and Nomocharis within the Hengduan Mountains and Qinghai-Tibetan Plateau may result from habitat specialization and hybridization,BMC Evolutionary Biology,15,1,147,,10.1186/s12862-015-0405-2,article
"He, Y., Cao, X., Li, K., Hu, Y., Chen, Y. R., Blissard, G., Kanost, M. R., Jiang, H.",2015,A genome-wide analysis of antimicrobial effector genes and their transcription patterns in Manduca sexta,Insect Biochemistry and Molecular Biology,62,,23,37,10.1016/j.ibmb.2015.01.015,article
"Heisterkamp, D.R.",2015,Lambda-Consensus Clustering,Proceedings of the 14th IEEE International Conference on Machine Learning and Applications,,,,,,article
"Ma, J.",2015,Proactive approaches for system design under uncertainty applied to network synthesis and capacity planning,Dissertation,,,,,,article
"Matyi, S. A., Hoyt, P. R., Ayoubi-Canaan, P., Hasan, N. A., Gustafson, J. E.",2015,"Draft genome sequence of strain ATCC 33958, reported to be Elizabethkingia miricola",Genome Announcements,3,4,e00828-15,,10.1128/genomeA.00828-15,article
"Miao, Z.",2015,On the Lagrangian dual of the maximum quasiclique problem,Proceedings of the 2015 INFORMS Annual Meeting,,,,,,article
"Moradi, E., Balasundaram, B.",2015,Finding a maximum k-club using the k-clique formulation and canonical hypercube cuts,Optimization Letters,,,1,11,10.1007/s11590-015-0971-7,article
"Mortazavian, H., Fennell, C. J., Blum, F. D.",2015,Structure of the Interfacial Region in Adsorbed Poly (vinyl acetate) on Silica,Macromolecules,49,1,298,307,10.1021/acs.macromol.5b02214,article
"Neeman, H., Adams, K., Alexander, J., Brunson, D., Calhoun, S. P., Deaton, J. Fondjo Fotou, F., Frinkle, K., Gray, Z., Lemley, E., Louthan, G. Monaco, G., Morris, M., Snow, J., Zimmerman, B.",2015,On Fostering a Culture of Research Cyberinfrastructure Grant Proposals within a Community of Service Providers in an EPSCoR State,"Proceedings of XSEDE ‘15, article 19",,,,,10.1145/2792745.2792764,article
"Nicholson, S. J., Nickerson, M. L., Dean, M., Song, Y., Hoyt, P. R., Rhee, H., Kim, C., Puterka, G. J.",2015,"The genome of Diuraphis noxia, a global aphid pest of small grains",BMC Genomics,16,1,429,,10.1186/s12864-015-1525-1,article
"Prabhakaran, M., Couger, M. B., Jackson, C. A., Weirick, T., Fathepure, B. Z.",2015,Genome sequences of the lignin-degrading Pseudomonas sp. strain YS-1p and Rhizobium sp. strain YS-1r isolated from decaying wood,Genome Announcements,3,2,e00019-15,,10.1128/genomeA.00019-15,article
"Rao, X. J., Cao, X., He, Y., Hu, Y., Zhang, X., Chen, Y. R., Blissard, G., Kanost, M. R., Yu, X. Q., Jiang, H.",2015,"Structural features, evolutionary relationships, and transcriptional regulation of C-type lectin-domain proteins in Manduca sexta",Insect Biochemistry and Molecular Biology,62,,75,85,10.1016/j.ibmb.2014.12.006,article
"Shyamal, S., Anilkumar, G., Bhaskaran, R., Doss, G. P., Durica, D. S.",2015,"Significant fluctuations in ecdysteroid receptor gene (EcR) expression in relation to seasons of molt and reproduction in the grapsid crab, Metopograpsus messor (Brachyura: Decapoda)",General and Comparative Endocrinology,211,,39,51,10.1016/j.ygcen.2014.11.006,article
"Tetreau, G., Cao, X., Chen, Y. R., Muthukrishnan, S., Jiang, H., Blissard, G. W., Kanost, M. R., Wang, P..",2015,"Overview of chitin metabolism enzymes in Manduca sexta: identification, domain organization, phylogenetic analysis and gene expression",Insect Biochemistry and Molecular Biology,62,,114,126,10.1016/j.ibmb.2015.01.006,article
"Tetreau, G., Dittmer, N. T., Cao, X., Agrawal, S., Chen, Y. R., Muthukrishnan, S., Haobo, J., Blissard, G. W., Kanost, M. R., Wang, P.",2015,Analysis of chitin-binding proteins from Manduca sexta provides new insights into evolution of peritrophin A-type chitin-binding domains in insects,Insect Biochemistry and Molecular Biology,62,,127,141,10.1016/j.ibmb.2014.12.002,article
"Utt, K. L., Rivero, P., Mehboudi, M., Harriss, E. O., Borunda, M. F., SanJuan, A. A. P., Barraza-Lopez, S.",2015,"Intrinsic defects, fluctuations of the local shape, and the photo-oxidation of black phosphorus",ACS Central Science,1,6,320,327,10.1021/acscentsci.5b00244,article
"Vemula, S., Crick, C.",2015,Hadoop Image Processing Framework,Proceedings of the 4th IEEE International Congress on Big Data,,,,,,article
"Weitemier, K., Straub, S. C., Fishbein, M., Liston, A.",2015,Intragenomic polymorphisms among high-copy loci: a genus-wide study of nuclear ribosomal DNA in Asclepias (Apocynaceae),PeerJ,3,,e718,,10.7717/peerj.718,article
"Worcester, L.",2015,"Phylogeny and Biogeography of the Podostemma clade, Asclepias L. (Apocynaceae)",Dissertation,,,,,,article
"Youssef, N. H., Couger, M. B., McCully, A. L., Criado, A. E. G., Elshahed, M. S.",2015,Assessing the global phylum level diversity within the bacterial domain: a review,Journal of Advanced Research,6,3,269,282,10.1016/j.jare.2014.10.005,article
"Yukihara, E. G., Doull, B. A., Ahmed, M., Brons, S., Tessonnier, T., Jäkel, O., Greilich, S.",2015,Time-resolved optically stimulated luminescence of Al2O3: C for ion beam therapy dosimetry,Physics in Medicine and Biology,60,17,6613,,10.1088/0031-9155/60/17/6613,article
"Zhang, X., He, Y., Cao, X., Gunaratna, R. T., Chen, Y. R., Blissard, G., Kanost, M. R., Jiang, H.",2015,Phylogenetic analysis and expression profiling of the pattern recognition receptors: Insights into molecular recognition of invading pathogens in Manduca sexta,Insect Biochemistry and Molecular Biology,62,,38,50,10.1016/j.ibmb.2015.02.001,article
"Zhang, X., Zheng, Y., Cao, X., Ren, R., Yu, X. Q., Jiang, H.",2015,"Identification and profiling of Manduca sexta microRNAs and their possible roles in regulating specific transcripts in fat body, hemocytes, and midgut",Insect Biochemistry and Molecular Biology,62,,11,22,10.1016/j.ibmb.2014.08.006,article
"Alam, M. M., Vilankar, K. P., Field, D. J., Chandler, D. M.",2014,Local masking in natural images: A database and analysis,Journal of Vision,14,8,22,22,10.1167/14.8.22,article
"Brian Couger, M., Pipes, L., Squina, F., Prade, R., Siepel, A., Palermo, R., Katze, M. G., Mason, C. E., Blood, P. D.",2014,Enabling large‐scale next‐generation sequence assembly with Blacklight,Concurrency and Computation: Practice and Experience,26,13,2157,2166,10.1002/cpe.3231,article
"Buchanan, J.W., Koltes, J.E., Reecy, J.M., Mateescu, R.G.",2014,Deriving gene networks underlying fatty acid composition of the triacylglycerol lipid fraction in Angus longissimus muscle,Proceedings of the International Plant and Animal Genome Conference,,,,,,article
"Durica, D. S., Das, S., Najar, F., Roe, B., Phillips, B., Kappalli, S., Anilkumar, G.",2014,Alternative splicing in the fiddler crab cognate ecdysteroid receptor: Variation in receptor isoform expression and DNA binding properties in response to hormone,General and Comparative Endocrinology,206,,80,95,10.1016/j.ygcen.2014.05.034,article
"Dutta, M., Bashir, N. S., Palmer, M. W., Melcher, U.",2014,Genomic characterization of Ambrosia asymptomatic virus 1 and evidence of other Tymovirales members in the Oklahoma tallgrass prairie revealed by sequence analysis,Archives of Virology,159,7,1755,1764,10.1007/s00705-014-1985-7,article
"Farag, I. F., Davis, J. P., Youssef, N. H., Elshahed, M. S.",2014,"Global patterns of abundance, diversity and community structure of the Aminicenantes (candidate phylum OP8)",PLoS ONE,9,3,e92139,,10.1371/journal.pone.0092139,article
"Keesee, M., Zhang, Y., Cox, S., Mouser, M., Chavez, C. Wall, S., Goode, A., Deaton, J., Maheshwari, S., Emery, B., Merrill, L., McVey, S., Mohr, V., Sardi, L., Neeman, H., Alexander, J., George, B., Gray, Z., Brunson, D., S.",2014,Digital Oklahoma: Harnessing the Speed of Light,Oklahoma Broadband Initiative technical report,,,,,10.13140/RG.2.1.2293.4881,article
"Khan, M.N.A., Fan, G., Heisterkamp, D.R., Yu, L.",2014,Automatic Target Recognition in Infrared Imagery Using Dense HOG Features and Relevance Grouping of Vocabulary,Proceedings of the 2014 IEEE Workshop on Perception Beyond Visible Spectrum (in conjunction with CVPR 2014),,,,,,article
"Lin, P., Chen, X., Moktan, H., Arrese, E. L., Duan, L., Wang, L., Soulages, J. L., Zhou, D. H.",2014,Membrane attachment and structure models of lipid storage droplet protein 1,Biochimica et Biophysica Acta (BBA)-Biomembranes,1838,3,874,881,10.1016/j.bbamem.2013.12.003,article
"Lu, H., Bukkapatnam, S., Harimkar, S., Singh, R., Bardenhagen, S.",2014,Simulations of Failure via Three-Dimensional Cracking in Fuel Cladding for Advanced Nuclear Fuels,US Department of Energy Sponsored Technical Report,,,,,10.2172/1116513,article
"Ma, J.",2014,The minimum spanning k-core problem with bounded CVaR under probabilistic edge failures,Proceedings of the 2014 INFORMS Annual Meeting,,,,,,article
"Matyi, S. A., Ramaraj, T., Sundararajan, A., Lindquist, I. E., Devitt, N. P., Schilkey, F. D., Lamichhane-Khadka, R., Hoyt, P. R., Mudge, J., Gustafson, J. E.",2014,Draft genomes of heterogeneous vancomycin-intermediate Staphylococcus aureus strain MM66 and MM66 derivatives with altered vancomycin resistance levels,Genome Announcements,2,4,e00688-14,,10.1128/genomeA.00688-14,article
"Melcher, U., Verma, R., Schneider, W. L.",2014,Metagenomic search strategies for interactions among plants and multiple microbes,Frontiers in Plant Science,5,,268,,10.3389/fpls.2014.00268,article
"Miao, Z.",2014,A global optimization approach for the maximum quasi-clique problem,Proceedings of the 2014 INFORMS Annual Meeting,,,,,,article
"Miao, Z., Balasundaram, B., Pasiliao, E. L.",2014,An exact algorithm for the maximum probabilistic clique problem,Journal of Combinatorial Optimization,28,1,105,120,10.1007/s10878-013-9699-4,article
"Moradi, E.",2014,Finding a maximum k-club using the k-clique formation and lazy cuts,Proceedings of the 2014 INFORMS Annual Meeting,,,,,,article
"Neeman, H., Akin, D., Alexander, J., Brunson, D., Calhoun S. P., Deaton, J., Fondjo Fotou, F., George, B., Gentis, D., Gray, Z., Huebsch, E., Louthan, G., Runion, M., Snow, J., Zimmerman, B.",2014,The OneOklahoma Friction Free Network: Towards a Multi-Institutional Science DMZ in an EPSCoR State,"Proceedings of XSEDE ‘14, paper 72",,,,,10.1145/2616498.2616542,article
"Norouzzadeh, P., Myles, C. W., Vashaee, D.",2014,"Structural, electronic, phonon and thermodynamic properties of hypothetical type-VIII clathrates Ba 8 Si 46 and Ba 8 Al 16 Si 30 investigated by first principles",Journal of Alloys and Compounds,587,,474,480,10.1016/j.jallcom.2013.10.190,article
"Pajouh, F. M., Miao, Z., Balasundaram, B.",2014,A branch-and-bound approach for maximum quasi-cliques,Annals of Operations Research,216,1,145,161,10.1007/s10479-012-1242-y,article
"Ramaraj, T., Matyi, S. A., Sundararajan, A., Lindquist, I. E., Devitt, N. P., Schilkey, F. D., Lamichhane-Khadka, R., Hoyt, P. R., Mudge, J., Gustafson, J. E.",2014,Draft genome sequences of vancomycin-susceptible Staphylococcus aureus related to heterogeneous vancomycin-intermediate Saureus,Genome Announcements,2,5,e01033-14,,10.1128/genomeA.01033-14,article
"Sahu, S. S., Weirick, T., Kaundal, R.",2014,Predicting genome-scale Arabidopsis-Pseudomonas syringae interactome using domain and interolog-based approaches,BMC Bioinformatics,15,11,S13,,10.1186/1471-2105-15-S11-S13,article
"Soufiani, A. R.",2014,Computational Studies of Molybdenum Oxide Clusters and Environmental Corrosion of Iron and Zinc,Dissertation,,,,,,article
"Stobbe, A. H., Schneider, W. L., Hoyt, P. R., Melcher, U.",2014,Screening metagenomic data for viruses using the e-probe diagnostic nucleic acid assay,Phytopathology,104,10,1125,1129,10.1094/PHYTO-11-13-0310-R,article
"Struchtemeyer, C. G., Ranganathan, A., Couger, M. B., Liggenstoffer, A. S., Youssef, N. H., Elshahed, M. S.",2014,Survival of the anaerobic fungus Orpinomyces sp. strain C1A after prolonged air exposure,Scientific Reports,4,,,,10.1038/srep06892,article
"Ternes, C. M., Schönknecht, G.",2014,Gene transfers shaped the evolution of de novo NAD+ biosynthesis in eukaryotes,Genome Biology and Evolution,6,9,2335,2349,10.1093/gbe/evu185,article
"Weirick, T., Sahu, S. S., Mahalingam, R., Kaundal, R.",2014,"LacSubPred: predicting subtypes of Laccases, an important lignin metabolism-related enzyme class, using in silico approaches",BMC Bioinformatics,15,11,S15,,10.1186/1471-2105-15-S11-S15,article
"Coyner, B. S., Braun, J. K., Mares, M. A., Bussche, R. A.",2013,"Taxonomic validity of species groups in the genus Akodon (Rodentia, Cricetidae)",Zoologica Scripta,42,4,335,350,10.1111/zsc.12014,article
"Das, S., Durica, D. S.",2013,"Ecdysteroid receptor signaling disruption obstructs blastemal cell proliferation during limb regeneration in the fiddler crab, Uca pugilator",Molecular and Cellular Endocrinology,365,2,249,259,10.1016/j.mce.2012.10.026,article
"Davis, M., Clarke, S.",2013,Influence of microRNA on the maintenance of human iron metabolism,Nutrients,5,7,2611,2628,10.3390/nu5072611,article
"Ding, T., Palmer, M. W., Melcher, U.",2013,Community terminal restriction fragment length polymorphisms reveal insights into the diversity and dynamics of leaf endophytic bacteria,BMC Microbiology,13,1,1,,10.1186/1471-2180-13-1,article
"Gao, Y. D., Harris, A. J., Zhou, S. D., He, X. J.",2013,"Evolutionary events in Lilium (including Nomocharis, Liliaceae) are temporally correlated with orogenies of the Q–T plateau and the Hengduan Mountains",Molecular Phylogenetics and Evolution,68,3,443,460,10.1016/j.ympev.2013.04.026,article
"Haas, B. J., Papanicolaou, A., Yassour, M., Grabherr, M., Blood, P. D., Bowden, J., Couger, M. B., Eccles, D., Li, B., Lieber, M., MacManes, M. D., Ott, M., Orvis, J., Pochet, N., Strozzi, F., Weeks, N., Westerman, R., William, T., Dewey, C. N., Henschel, R., LeDuc, R. D., Friedman, N., Regev, A.",2013,De novo transcript sequence reconstruction from RNA-Seq: reference generation and analysis with Trinity,Nature protocols,8,8,,,10.1038/nprot.2013.084,article
"Kaundal, R., Sahu, S. S., Verma, R., Weirick, T.",2013,Identification and characterization of plastid-type proteins from sequence-attributed features using machine learning,BMC Bioinformatics,14,14,S7,,10.1186/1471-2105-14-S14-S7,article
"Ma, J., Balasundaram, B.",2013,Solving chance-constrained spanning k-core problem via decomposition and integer programming,Proceedings of the 2013 Industrial and Systems Engineering Research Conference,,,,,,article
"Matyi, S. A., Dupre, J. M., Johnson, W. L., Hoyt, P. R., White, D. G., Brody, T., Odenwald, W. F., Gustafson, J. E.",2013,Isolation and characterization of Staphylococcus aureus strains from a Paso del Norte dairy,Journal of Dairy Science,96,6,3535,3542,10.3168/jds.2013-6590,article
"Matyi, S. A., Hoyt, P. R., Hosoyama, A., Yamazoe, A., Fujita, N., Gustafson, J. E.",2013,Draft genome sequences of Elizabethkingia meningoseptica,Genome Announcements,1,4,e00444-13,,10.1128/genomeA.00444-13,article
"Mauro-Herrera, M., Wang, X., Barbier, H., Brutnell, T. P., Devos, K. M., Doust, A. N.",2013,Genetic control and comparative genomic analysis of flowering time in Setaria (Poaceae),"G3: Genes, Genomes, Genetics",3,2,283,295,10.1534/g3.112.005207,article
"Neeman, H., Brunson, D., Deaton, J., Gray, Z., Huebsch, E., Gentis, D., Horton, D.",2013,The Oklahoma Cyberinfrastructure Initiative,"Proceedings of XSEDE ‘13, paper 100",,,,,,article
"Nof, S. Y., Cheng, G. J., Weiner, A. M., Chen, X. W., Bechar, A., Jones, M. G., Reed, C. B., Donmez, A., Weldon, T. D., Bermel, P., Bukkapatnam, S. T. S., Cheng, C., Kumara, S. R. T., Bement, A., Koubek, R., Bidanda, B., Shin, Y. C., Capponi, A., Lee, S., Lehto, M. R., Liu, A. L., Nohadani, O., Dantus, M., Lorraine, P. W., Nolte, D. D., Proctor, R. W., Sardesai, H. P., Shi, L., Wachs, J. P., Zhang, X. C.",2013,Laser and photonic systems integration: Emerging innovations and framework for research and education,Human Factors and Ergonomics in Manufacturing Service Industries,23,6,483,516,10.1002/hfm.20555,article
"Norouzzadeh, P., Myles, C. W., Vashaee, D.",2013,"Electronic, elastic, vibrational, and thermodynamic properties of type-VIII clathrates Ba8Ga16Sn30 and Ba8Al16Sn30 by first principles",Journal of Applied Physics,114,16,163509,,10.1063/1.4826213,article
"Pham, P., Guo, Y.",2013,A semiclassical study of cis-trans isomerization in HONO using an interpolating moving least-squares potential,The Journal of Chemical Physics,138,14,144304,,10.1063/1.4799270,article
"Schönknecht, G., Chen, W. H., Ternes, C. M., Barbier, G. G., Shrestha, R. P., Stanke, M., Brautigam, A., Baker, B. J., Banfield, J. F., Garavito, R. M., Carr, K., Wilkerson, C., Rensing, S. A., Gagneul, D., Dickenson, N. E., Oesterhelt, C., Lercher, M. J., Weber, A. P. M.",2013,Gene transfer from bacteria and archaea facilitated evolution of an extremophilic eukaryote,Science,339,6124,1207,1210,10.1126/science.1231707,article
"Schrick, E. K., Forget, T. J., Roewe, K. D., Schrick, A. C., Moore, C. E., Golen, J. A., Rheingold, A. L., Materer, N. F., Weinert, C. S.",2013,"Substituent effects in digermanes: electrochemical, theoretical, and structural investigations",Organometallics,32,7,2245,2256,10.1021/om400132z,article
"Schumacher, L. L., Love, B. C., Ferrell, M., DeSilva, U., Fernando, R., Ritchey, J. W.",2013,Canine intestinal histoplasmosis containing hyphal forms,Journal of Veterinary Diagnostic Investigation,25,2,304,307,10.1177/1040638713479604,article
"Stobbe, A. H., Daniels, J., Espindola, A. S., Verma, R., Melcher, U., Ochoa-Corona, F., Garzon, C., Fletcher, J., Schneider, W.",2013,E-probe Diagnostic Nucleic acid Analysis (EDNA): a theoretical approach for handling of next generation sequencing data for diagnostics,Journal of Microbiological Methods,94,3,356,366,10.1016/j.mimet.2013.07.002,article
"Wang, S., Rahnavard, N.",2013,Binary Compressive Sensing via Sum of l1-Norm and i(infinity)-Norm Regularization,2013 IEEE Military Communications Conference,,,,,10.1109/MILCOM.2013.274,article
"Wasala, L., Talley, J. L., DeSilva, U., Fletcher, J., Wayadande, A.",2013,"Transfer of Escherichia coli O157: H7 to spinach by house flies, Musca domestica (Diptera: Muscidae)",Phytopathology,103,4,373,380,10.1094/PHYTO-09-12-0217-FI,article
"Youssef, N. H., Couger, M. B., Struchtemeyer, C. G., Liggenstoffer, A. S., Prade, R. A., Najar, F. Z., Atiyeh, H. K., Wilkins, M. R., Elshahed, M. S.",2013,The genome of the anaerobic fungus Orpinomyces sp. strain C1A reveals the unique evolutionary history of a remarkable plant biomass degrader,Applied and Environmental Microbiology,79,15,4620,4634,10.1128/AEM.00821-13,article
"Cheng, C., Bukkapatnam, S. T., Raff, L. M., Hagan, M., Komanduri, R.",2012,Monte Carlo simulation of carbon nanotube nucleation and growth using nonlinear dynamic predictions,Chemical Physics Letters,530,,81,85,10.1016/j.cplett.2012.01.067,article
"Cheng, C., Bukkapatnam, S. T., Raff, L. M., Komanduri, R.",2012,Towards control of carbon nanotube synthesis process using prediction-based fast Monte Carlo simulations,Journal of Manufacturing Systems,31,4,438,443,10.1016/j.jmsy.2012.06.006,article
"Cheng, C., Bukkapatnam, S.T.S., Raff, L.M., Komanduri, R.",2012,Novel Nanoinformatics methods for scaling up atomistic-scale simulation of carbon nanotube synthesis,Proceedings of the 2012 Industrial and Systems Engineering Research Conference,,,,,,article
"Constantin, P., Lai, M. C., Sharma, R., Tseng, Y. H., Wu, J.",2012,New numerical results for the surface quasi-geostrophic equation,Journal of Scientific Computing,50,1,1,28,10.1007/s10915-011-9471-9,article
"Davis, M. R., Rendina, E., Peterson, S. K., Lucas, E. A., Smith, B. J., Clarke, S. L.",2012,Enhanced expression of lipogenic genes may contribute to hyperglycemia and alterations in plasma lipids in response to dietary iron deficiency,Genes Nutrition,7,3,415,425,10.1007/s12263-011-0278-y,article
"Ding, T.",2012,The Analysis of the Diversity and Distribution of Leaf Endophytic Bacterial Communities,Dissertation,,,,,,article
"Espindola, A.S., Garzon, C.D., Fletcher, J., Schneider, W.L.",2012,"Validation of EDNA, a newly developed bioinformatics tool, for the detection of Pythium ultimum from metagenomic samples",Proceedings of the 2012 Annual Meeting of the American Phytopathological Society,,,,,,article
"Fernando, B.R., Hermansky, S., Kim, H., Bible, M.R., Carter, S.D., DeSilva, U.",2012,Impact of diet on swine fecal microbiome,Proceedings of the International Conference on the Status of Plant and Animal Genome Research,,,,,,article
"Francisco, C. A., Mermin, J., Schweig, J.",2012,Generalizing the Borel property,Journal of the London Mathematical Society,87,3,724,740,10.1112/jlms/jds071,article
"Handa, S., Slaughter, L. M.",2012,Enantioselective alkynylbenzaldehyde cyclizations catalyzed by chiral gold (I) acyclic diaminocarbene complexes containing weak Au–arene interactions,Angewandte Chemie,124,12,2966,2969,10.1002/ange.201107789,article
"Pajouh, F. M.",2012,"Polyhedral cominatorics, complexity algorithms for k-clubs in graphs",Dissertation,,,,,,article
"Pelser, P. B., Abbott, R. J., Comes, H. P., Milton, J. J., Moeller, M., Looseley, M. E., Cron, G. V., Barcelona, J. F., Kennedy, A. H., Watson, L. E., Barone, R., Hernandez, F., Kadereit, J. W.",2012,The genetic ghost of an invasion past: colonization and extinction revealed by historical hybridization in Senecio,Molecular Ecology,21,2,369,387,10.1111/j.1365-294X.2011.05399.x,article
"Ray, A., Saykhedkar, S., Ayoubi-Canaan, P., Hartson, S. D., Prade, R., Mort, A. J.",2012,Phanerochaete chrysosporium produces a diverse array of extracellular enzymes when grown on sorghum,Applied Microbiology and Biotechnology,93,5,2075,2089,10.1007/s00253-012-3907-5,article
"Sattar, S., Addo-Quaye, C., Song, Y., Anstead, J. A., Sunkar, R., Thompson, G. A.",2012,Expression of small RNA in Aphis gossypii and its potential role in the resistance interaction with melon,PLoS ONE,7,11,e48579,,10.1371/journal.pone.0048579,article
"Sattar, S., Song, Y., Anstead, J. A., Sunkar, R., Thompson, G. A.",2012,Cucumis melo microRNA expression profile during aphid herbivory in a resistant and susceptible interaction,Molecular Plant-Microbe Interactions,25,6,839,848,10.1094/MPMI-09-11-0252,article
"Saykhedkar, S., Ray, A., Ayoubi-Canaan, P., Hartson, S. D., Prade, R., Mort, A. J.",2012,A time course analysis of the extracellular proteome of Aspergillus nidulans growing on sorghum stover,Biotechnology for Biofuels,5,1,52,,10.1186/1754-6834-5-52,article
"Schneider, W. L., Stobbe, A.H., Daniels, J., Espindola, A.S., Verma, R., Blagden, T., Fletcher, J., Ochoa-Corona, F., Garzon, C., Hoyt, P. R.",2012,Next-generation diagnostics: Eliminating the excessive sequence processing associated with next-generation sequencing using EDNA,Proceedings from the 2012 Phytopathology Annual Meeting,7,,155,155,,article
"Stobbe, A. H., Melcher, U., Palmer, M. W., Roossinck, M. J., Shen, G.",2012,Co-divergence and host-switching in the evolution of tobamoviruses,Journal of General Virology,93,2,408,418,10.1099/vir.0.034280-0,article
"Stobbe, A., Melcher, U. K., Schneider, W. L.",2012,Designing and validation of e-probes to strain type Plum pox virus,Phytopathology,102,7,115,,,article
"Stobbe, A., Melcher, U.K., Fletcher, J., Schneider, W.L.",2012,Validation of a unique sequence-based detection of plant pathogens using next-generation sequence data,Phytopathology,102,7,114,115,,article
"Verma, R., Melcher, U.",2012,A Support Vector Machine based method to distinguish proteobacterial proteins from eukaryotic plant proteins,BMC Bioinformatics,13,15,S9,,10.1186/1471-2105-13-S15-S9,article
"Yerramsetty, K. M., Neely, B. J., Gasem, K. A.",2012,A non-linear structure–property model for octanol–water partition coefficient,Fluid Phase Equilibria,332,,85,93,10.1016/j.fluid.2012.07.001,article
"Youssef, N. H., Ashlock-Savage, K. N., Elshahed, M. S.",2012,Phylogenetic diversities and community structure of members of the extremely halophilic Archaea (order Halobacteriales) in multiple saline sediment habitats,Applied and Environmental Microbiology,78,5,1332,1344,10.1128/AEM.07420-11,article
"Zhu, L., Chen, S., Jiang, Z., Zhang, Z., Ku, H. C., Li, X., McCann, M., Harris, S., Lust, G., Jones, P., Todhunter, R.",2012,Identification of quantitative trait loci for canine hip dysplasia by two sequential multipoint linkage analyses,Journal of Applied Statistics,39,8,1719,1731,10.1080/02664763.2012.673121,article
"Allred, B. W., Fuhlendorf, S. D., Engle, D. M., Elmore, R. D.",2011,Ungulate preference for burned patches reveals strength of fire–grazing interaction,Ecology and Evolution,1,2,132,144,10.1002/ece3.12,article
"Allred, B. W., Fuhlendorf, S. D., Hamilton, R. G.",2011,The role of herbivores in Great Plains conservation: comparative ecology of bison and cattle,Ecosphere,2,3,1,17,10.1890/ES10-00152.1,article
"Daniels, J., Stobbe, T., Espindola, A., Schneider, W. L., Fletcher, J., Ochoa-Corona, F.",2011,In silico simulation of massively parallel sequencing as a diagnostic tool for bacterial phytopathogens,Phytopathology,101,6,S41,,,article
"Espindola, A. S., Stobbe, A. H., Daniels, J., Fletcher, J., Garzon, C. D., Schneider, W. L.",2011,Design and validation of queries for the detection of Puccinia graminis in simulated metagenomes,Phytopathology,101,6,S50,,,article
"Fernando, B.R., DeSilva. U.",2011,Phage biome of the bovine rumen,Proceedings of the 2011 International Conference on the Status of Plant and Animal Genome Research,,,,,,article
"Francisco, C. A., Mermin, J., Schweig, J.",2011,Borel generators,Journal of Algebra,332,1,522,542,10.1016/j.jalgebra.2010.09.042,article
"Friedenberg, S. G., Zhu, L., Zhang, Z., van den Berg Foels, W., Schweitzer, P. A., Wang, W., Fisher, P. J., Dykes, N. L., Corey, E., Vernier-Singer, M., Jung, S. W., Sheng, X., Hunter, L. S., McDonough, S. P., Lust, G., Bliss, S. P., Krotscheck, U., Gunn, T. M., Todhunter, R. J.",2011,Evaluation of a fibrillin 2 gene haplotype associated with hip dysplasia and incipient osteoarthritis in dogs,American Journal of Veterinary Research,72,4,530,540,10.2460/ajvr.72.4.530,article
"Harris, A.J., Xiang Q.Y.",2011,The Bayes–DIVA method and its application for testing biogeographic origins of inter-continental disjunct endemics,Proceedings of the 2011 International Botanical Congress,,,,,,article
"Ku. H., Zhu, L.",2011,Bayesian Regression Analysis of Quantitative Trait with Correlated Phenotypic Data,Proceedings of the 2011 Joint Statistical Meetings,,,,,,article
"Link-Perez, M. A., Watson, L. E., Hickey, R. J.",2011,"Redefinition of Adiantopsis Fée (Pteridaceae): Systematics, diversification, and biogeography",Taxon,60,5,1255,1268,,article
"Stobbe, A. H., Daniels, J., Espindola, A., Schneider, W. L., Fletcher, J., Melcher, U. K.",2011,Use of massively parallel sequencing as a diagnostic tool,Phytopathology,101,6,S171,S172,,article
"Struchtemeyer, C. G., Davis, J. P., Elshahed, M. S.",2011,Influence of the drilling mud formulation process on the bacterial communities in thermogenic natural gas wells of the Barnett Shale,Applied and Environmental Microbiology,77,14,4744,4753,10.1128/AEM.00233-11,article
"Zhu, L., Feng, F., Bustamante, C.",2011,A Regression-based Approach for Estimating Recombination Rate from Population Genomic Data,Proceedings of the 2011 International conference on Bioinformatics Computational Biology,,,,,,article
"Bukkapatnam, S. T., Cheng, C.",2010,Forecasting the evolution of nonlinear and nonstationary systems using recurrence-based local Gaussian process models,Physical Review E,82,5,56206,,10.1103/PhysRevE.82.056206,article
"Liggenstoffer, A. S., Youssef, N. H., Couger, M. B., Elshahed, M.S.",2010,Phylogenetic diversity and community structure of anaerobic fungi (Phylum Neacallymastigales) in ruminant and non-ruminant herbivores,ISME Journal,4,10,1225,1235,,article
"Pummill, J., Brunson, D., Apon, A.",2010,Community Funding Models for Computational Resources,"NSF-funded Workshop on Sustainable Funding and Business Models for Academic Cyberinfrastructure Centers, position paper",,,,,,article
"Youssef, N. H., Couger, M. B., Elshahed, M. S.",2010,"Fine-scale bacterial beta diversity within a complex ecosystem (Zodletone Spring, OK, USA): the role of the rare biosphere",PLoS ONE,5,8,e12414,,10.1371/journal.pone.0012414,article
"Harris, A. J., XIANG, Q. Y. J.",2009,Estimating ancestral distributions of lineages with uncertain sister groups: a statistical approach to Dispersal–Vicariance Analysis and a case using Aesculus L.(Sapindaceae) including fossils,Journal of Systematics and Evolution,47,5,349,368,10.1111/j.1759-6831.2009.00044.x,article
"Zhang, W., Guo, Y.",2009,First-principles study of crystal structures of under pressure,Solid State Communications,149,33,1342,1346,10.1016/j.ssc.2009.05.027,article
"Andreason, S., Schneider, W., Davis, R., Wayadande, A.",2008,"E-probe diagnostic nucleic acid assay (EDNA) detection of Spiroplasma kunkelli in gray lawn leafhopper, Exitianus exitiosu, (Uhl.), transcriptome sequencing dataset",Proceedings of the 2008 annual meeting of the Entomological Society of America,,,,,,article
